matrix_id,uf,ug,u,ur,condition_number,matrix_size
0,fp32,fp32,fp64,fp64,99.99999999999997,285
1,fp64,fp64,fp64,fp64,100000000.0104796,199
2,fp64,fp64,fp64,fp64,9999999.99726467,493
3,fp32,fp32,fp64,fp64,1000000.0000174983,337
4,fp64,fp64,fp64,fp64,999999.9999605591,410
5,fp64,fp64,fp64,fp64,1000000.0001572993,369
6,tf32,tf32,tf32,tf32,10.000000000000005,352
7,fp64,fp64,fp64,fp64,99999.99999947607,278
8,fp64,fp64,fp64,fp64,100000001.05969428,164
9,fp64,fp64,fp64,fp64,10.000000000000004,457
10,bf16,fp64,fp64,fp64,9.999999999999991,283
11,bf16,fp64,fp64,fp64,10.000000000000004,126
12,fp64,fp64,fp64,fp64,99999999.40089749,185
13,fp64,fp64,fp64,fp64,9999999.995619616,110
14,fp64,fp64,fp64,fp64,100000000.33283354,257
15,fp64,fp64,fp64,fp64,99999.999999847,281
16,fp32,fp32,fp64,fp64,100.00000000000064,305
17,fp64,fp64,fp64,fp64,100000000.27101651,213
18,tf32,tf32,tf32,tf32,10.000000000000002,350
19,fp64,fp64,fp64,fp64,100000000.75384386,334
20,fp64,fp64,fp64,fp64,10000.000000002286,104
21,fp64,fp64,fp64,fp64,100000000.65569015,180
22,fp32,fp32,fp64,fp64,99999.999999859,220
23,fp64,fp64,fp64,fp64,100000.00000022698,193
24,fp32,fp64,fp64,fp64,100000000.17569831,466
25,fp64,fp64,fp64,fp64,100.0000000000002,470
26,fp64,fp64,fp64,fp64,10000000.001467956,157
27,fp32,fp32,fp64,fp64,10000.000000003227,361
28,fp32,fp64,fp64,fp64,99999999.94928892,360
29,fp64,fp64,fp64,fp64,999.9999999999857,255
30,bf16,fp64,fp64,fp64,10.000000000000018,291
31,tf32,fp64,fp64,fp64,10000.000000001124,464
32,fp32,fp32,fp64,fp64,1000000.0001111892,326
33,bf16,fp64,fp64,fp64,1000.0000000000347,446
34,fp64,fp64,fp64,fp64,99999.99999959303,257
35,fp32,fp32,fp64,fp64,99.99999999999969,279
36,fp32,fp32,fp64,fp64,9999.99999999925,311
37,fp64,fp64,fp64,fp64,999999.9999323293,404
38,tf32,fp64,fp64,fp64,10000.000000001277,490
39,fp64,fp64,fp64,fp64,9.999999999999996,141
40,fp32,fp64,fp64,fp64,99999.9999997692,306
41,fp32,fp64,fp64,fp64,999999.9999763098,264
42,fp64,fp64,fp64,fp64,99999.99999945014,295
43,fp32,fp64,fp64,fp64,100000000.28276785,429
44,fp64,fp64,fp64,fp64,999999.9999425958,226
45,tf32,tf32,tf32,tf32,10.000000000000016,296
46,fp32,fp64,fp64,fp64,1000000.0000222865,174
47,fp32,fp64,fp64,fp64,100000.00000073152,327
48,fp32,fp64,fp64,fp64,100000.00000003264,320
49,tf32,fp64,fp64,fp64,999.9999999999488,413
50,bf16,fp64,fp64,fp64,10.000000000000009,288
51,fp64,fp64,fp64,fp64,10000000.001160206,125
52,fp64,fp64,fp64,fp64,99999999.28538579,142
53,tf32,fp64,fp64,fp64,9999.999999993554,132
54,fp64,fp64,fp64,fp64,1000.0000000000177,156
55,bf16,fp64,fp64,fp64,10.00000000000001,196
56,fp64,fp64,fp64,fp64,10.00000000000001,487
57,fp64,fp64,fp64,fp64,10000000.000539115,249
58,fp64,fp64,fp64,fp64,999999.999955412,218
59,fp64,fp64,fp64,fp64,999.9999999999986,288
60,fp64,fp64,fp64,fp64,1000000.0000114766,408
61,fp64,fp64,fp64,fp64,10.000000000000004,479
62,fp32,fp32,fp64,fp64,100.00000000000051,315
63,fp64,fp64,fp64,fp64,9.999999999999991,139
64,fp64,fp64,fp64,fp64,100000.00000013724,261
65,bf16,fp64,fp64,fp64,999.9999999999714,442
66,fp64,fp64,fp64,fp64,9999999.999906342,440
67,fp64,fp64,fp64,fp64,10.00000000000001,451
68,fp64,fp64,fp64,fp64,100.00000000000001,487
69,bf16,fp64,fp64,fp64,10.000000000000005,288
70,fp32,fp64,fp64,fp64,100000.00000041895,476
71,fp64,fp64,fp64,fp64,1000.0000000000542,344
72,fp32,fp32,fp64,fp64,999999.9999869566,343
73,fp64,fp64,fp64,fp64,10000000.001645638,413
74,fp64,fp64,fp64,fp64,10000.000000008818,282
75,tf32,fp64,fp64,fp64,100.00000000000054,411
76,fp32,fp64,fp64,fp64,99999999.83355142,385
77,tf32,fp64,fp64,fp64,9999.999999999349,386
78,bf16,fp64,fp64,fp64,100.00000000000009,177
79,fp64,fp64,fp64,fp64,100000000.11435105,301
80,fp64,fp64,fp64,fp64,999.9999999999802,336
81,tf32,fp64,fp64,fp64,10000.000000001199,456
82,fp64,fp64,fp64,fp64,999999.9999547581,380
83,fp32,fp32,fp64,fp64,100.00000000000001,359
84,fp64,fp64,fp64,fp64,999.9999999999961,319
85,fp64,fp64,fp64,fp64,10.0,452
86,fp64,fp64,fp64,fp64,999999.9999506071,346
87,fp64,fp64,fp64,fp64,10000000.00039102,469
88,fp64,fp64,fp64,fp64,10.0,428
89,fp64,fp64,fp64,fp64,999999.9999788975,138
90,tf32,tf32,tf32,tf32,10.000000000000004,341
91,fp32,fp64,fp64,fp64,100000.00000011829,360
92,tf32,fp64,fp64,fp64,9999.999999999698,131
93,fp32,fp32,fp64,fp64,10.000000000000009,417
94,bf16,fp64,fp64,fp64,99.99999999999993,179
95,fp32,fp32,fp64,fp64,99.99999999999993,304
96,fp64,fp64,fp64,fp64,99.99999999999982,448
97,fp64,fp64,fp64,fp64,99999.99999974488,150
98,fp32,fp64,fp64,fp64,100000000.25653045,444
99,fp32,fp32,fp64,fp64,1000000.0000260745,348
