step,file,target_cond,target_bucket,state_cond,state_bucket,bucket,state_idx,cond_bin,norm_bin,condition_log10,target_condition_log10,a_norm_log10,a_norm_inf,epsilon,action_index,selected_action,uf,ug,u,ur,reward,train_loss,accuracy_reward,precision_reward,iteration_penalty,speedup,memory_ratio,valid
1,train_000_n1496_k5.89e+02.bin,589.1606355259,1e2-1e3,629.2204579767,1e2-1e3,1e2-1e3,30,3,0,2.7988028344883658,2.77023372197067,0.0001270007519192098,1.0002924728,1.0,0,fp64_fp64_fp64_fp64,fp64,fp64,fp64,fp64,17.6052963308252,8.8026481654126,20.0,0.10529633082520147,5.0,1.0,1.0,1
2,train_001_n1166_k8.83e+05.bin,883352.8584935,1e5-1e6,897225.4101849,1e5-1e6,1e5-1e6,90,9,0,5.952901564673321,5.946134218736696,1.046910151724176e-07,1.00000024106,0.99,3,fp32_fp32_fp32_fp64,fp32,fp32,fp32,fp64,-6.549030797371589,3.2745153986857947,-5.0,0.11193325007209183,3.321928094887362,1.6791735405831134,0.991412107970943,0
3,train_002_n1463_k1.20e+00.bin,1.20373378229,1e0-1e1,2.292252280229,1e0-1e1,1e0-1e1,9,0,9,0.3602624134183653,0.0805304489928956,0.15244326890142054,1.42050664254,0.98,11,fp16_fp16_fp32_fp32,fp16,fp16,fp32,fp32,-6.967666470182911,3.4838332350914554,-5.0,1.0969750382895729,6.129283016944966,1.9612806958885352,0.37373129408032585,0
4,train_003_n1168_k6.42e+04.bin,64242.18438621,1e4-1e5,66040.3591403,1e4-1e5,1e4-1e5,70,7,0,4.819809426374923,4.807820299561233,2.280409193227136e-06,1.00000525085,0.97,11,fp16_fp16_fp32_fp32,fp16,fp16,fp32,fp32,-8.243604334141757,4.121802167070879,-5.0,0.2563956658582431,7.0,1.2612691303830814,0.37340834064406925,0
5,train_004_n1051_k5.34e+02.bin,533.8090573921,1e2-1e3,555.4169557965,1e2-1e3,1e2-1e3,30,3,0,2.744619133780198,2.7273859383949843,0.00023123898713578605,1.00053258922,0.96,1,fp32_fp64_fp64_fp64,fp32,fp64,fp64,fp64,20.14049144591927,10.070245722959635,20.0,0.1404914459192686,0.0,1.883378148077409,0.7550556047222824,1
6,train_005_n1456_k2.26e+05.bin,226476.994003,1e5-1e6,230669.9427856,1e5-1e6,1e5-1e6,80,8,0,5.36299100790301,5.3550240920662775,6.076209846030389e-07,1.0000013991,0.95,0,fp64_fp64_fp64_fp64,fp64,fp64,fp64,fp64,17.56286351803785,8.781431759018925,20.0,0.06286351803785185,5.0,1.0,1.0,1
7,train_006_n1467_k7.95e+01.bin,79.52408458349,1e1-1e2,86.14487064651,1e1-1e2,1e1-1e2,20,2,0,1.9352294232090503,1.9004986785637188,0.0015948296762970367,1.00367898194,0.94,3,fp32_fp32_fp32_fp64,fp32,fp32,fp32,fp64,-6.395819230002339,3.1979096150011697,-5.0,0.26514481744134133,3.321928094887362,1.7408630116923658,0.9931756602900705,0
8,train_007_n1109_k1.03e+04.bin,10291.97878604,1e4-1e5,10541.82785599,1e4-1e5,1e4-1e5,50,5,0,4.022915920074343,4.012498882365819,1.1752957099482937e-05,1.00002706255,0.9299999999999999,9,fp16_fp16_fp64_fp64,fp16,fp16,fp64,fp64,-8.01491242204805,4.007456211024025,-5.0,0.2468685559804567,6.523561956057013,0.7233478355245846,0.6196372593058246,0
9,train_008_n1345_k2.65e+02.bin,265.0284519255,1e2-1e3,274.7512012859,1e2-1e3,1e2-1e3,30,3,0,2.4389395999515684,2.423292499789481,0.0004175280668984682,1.00096185619,0.92,3,fp32_fp32_fp32_fp64,fp32,fp32,fp32,fp64,-6.43465566169123,3.217327830845615,-5.0,0.22630838575245052,3.321928094887362,1.6972612090940835,0.9925560557024109,0
10,train_009_n1362_k9.76e+03.bin,9759.800763568,1e3-1e4,10070.53705785,1e4-1e5,1e3-1e4,50,5,0,4.003052631928124,3.9894409520758938,1.63846619348528e-05,1.00003772779,0.91,11,fp16_fp16_fp32_fp32,fp16,fp16,fp32,fp32,-8.04499757212064,4.02249878606032,-5.0,0.298252691470969,6.6865005271832185,1.6268034055810194,0.3736365727640112,0
11,train_010_n1041_k1.75e+02.bin,174.5623880705,1e2-1e3,181.8952145308,1e2-1e3,1e2-1e3,30,3,0,2.2598212733889063,2.241950674575307,0.0010370650017088874,1.00239078379,0.9,3,fp32_fp32_fp32_fp64,fp32,fp32,fp32,fp64,-6.422220630459922,1.6024463998071536,-5.0,0.23874341698375945,3.321928094887362,1.6631004032478687,0.9903798110266755,0
12,train_011_n1331_k1.45e+05.bin,144916.2534506,1e5-1e6,148062.0389019,1e5-1e6,1e5-1e6,70,7,0,5.170443725579395,5.161117097603989,8.527450638836948e-07,1.00000196352,0.89,4,fp32_fp32_fp32_fp32,fp32,fp32,fp32,fp32,-6.514402816792146,3.257201408396073,-5.0,0.14656123065153465,3.321928094887362,1.7592704616465666,0.5000924146525341,0
13,train_012_n1167_k9.62e+02.bin,961.825734238,1e2-1e3,998.995347946,1e2-1e3,1e2-1e3,40,4,0,2.999563465837508,2.9830963927087226,0.00012566588018151495,1.00028939825,0.88,0,fp64_fp64_fp64_fp64,fp64,fp64,fp64,fp64,17.600010914545205,8.800005457272603,20.0,0.10001091454520528,5.0,1.0,1.0,1
14,train_013_n1453_k1.60e+04.bin,16030.27198957,1e4-1e5,16517.32508544,1e4-1e5,1e4-1e5,60,6,0,4.21793971642902,4.204940891198016,1.1447130751100213e-05,1.00002635834,0.87,2,fp32_fp32_fp64_fp64,fp32,fp32,fp64,fp64,20.124986862341483,10.062493431170742,20.0,0.12498686234148443,0.0,1.915571274981145,0.7472754723022249,1
15,train_014_n1193_k5.15e+01.bin,51.49248012733,1e1-1e2,55.34118327471,1e1-1e2,1e1-1e2,20,2,0,1.7430484407496971,1.7117438100574562,0.0028730920897286766,1.00663747003,0.86,5,fp16_fp64_fp64_fp64,fp16,fp64,fp64,fp64,19.79893748423046,9.89946874211523,20.0,0.29893748423045985,1.0,2.846617555948668,0.6316809232710535,1
16,train_015_n1120_k8.22e+04.bin,82158.18913225,1e4-1e5,83457.20541588,1e4-1e5,1e4-1e5,70,7,0,4.92146383816646,4.914650858309057,1.4145425962633488e-06,1.00000325711,0.85,3,fp32_fp32_fp32_fp64,fp32,fp32,fp32,fp64,-6.529533561530894,3.264766780765447,-5.0,0.13143048591278747,3.321928094887362,1.6935460002761293,0.9910590342271041,0
17,train_016_n1164_k2.41e+02.bin,241.4192174201,1e2-1e3,254.5302793782,1e2-1e3,1e2-1e3,30,3,0,2.405739454195972,2.38277183778833,0.0008322495749394081,1.00191816279,0.84,1,fp32_fp64_fp64_fp64,fp32,fp64,fp64,fp64,20.154470699710625,5.042112488375496,20.0,0.15447069971062655,0.0,1.8937822091276413,0.7545648998330551,1
18,train_017_n1362_k5.99e+03.bin,5994.903611494,1e3-1e4,6261.789252675,1e3-1e4,1e3-1e4,50,5,0,3.7966984468739153,3.777782204727144,2.003352500915359e-05,1.00004612996,0.83,1,fp32_fp64_fp64_fp64,fp32,fp64,fp64,fp64,20.10967688762353,10.054838443811764,20.0,0.10967688762352748,0.0,1.9024569646862388,0.7539013341547925,1
19,train_018_n1245_k9.97e+00.bin,9.971208959897,1e0-1e1,11.89641528079,1e1-1e2,1e0-1e1,10,1,0,1.0754161161567688,0.9987478175675523,0.01280894504923501,1.02993293238,0.8200000000000001,5,fp16_fp64_fp64_fp64,fp16,fp64,fp64,fp64,19.895101490065745,9.947550745032872,20.0,0.3951014900657447,1.0,2.987321536655412,0.6314019104963152,1
20,train_019_n1231_k3.26e+05.bin,326255.828043,1e5-1e6,336608.4486891,1e5-1e6,1e5-1e6,80,8,0,5.527125012332043,5.5135582783978565,5.436364634012474e-07,1.00000125177,0.81,0,fp64_fp64_fp64_fp64,fp64,fp64,fp64,fp64,17.561282723901297,4.3899254824411855,20.0,0.06128272390129787,5.0,1.0,1.0,1
21,train_020_n1047_k4.18e+01.bin,41.82124859976,1e1-1e2,43.93729393617,1e1-1e2,1e1-1e2,20,2,0,1.6428333055481006,1.6213969948109461,0.002651961554854314,1.00612504901,0.8,12,fp16_fp16_fp16_fp64,fp16,fp16,fp16,fp64,-7.7690941597807335,3.8845470798903667,-5.0,0.6281137733943196,6.794415866350106,0.6147713074428738,0.740727409465935,0
22,train_021_n1222_k3.40e+04.bin,33986.29833018,1e4-1e5,34864.47235914,1e4-1e5,1e4-1e5,60,6,0,4.542383096953875,4.531303865309114,2.7363202212332745e-06,1.00000630063,0.79,7,fp16_fp32_fp32_fp64,fp16,fp32,fp32,fp64,-6.96751406495641,3.483757032478205,-5.0,0.1934499824872718,4.321928094887363,2.344877080790447,0.8689801683406083,0
23,train_022_n1180_k1.64e+02.bin,163.9153201881,1e2-1e3,176.1891571872,1e2-1e3,1e2-1e3,30,3,0,2.2459791780904372,2.214619546384493,0.0008268893510448027,1.00190579682,0.78,14,fp16_fp16_fp16_fp16,fp16,fp16,fp16,fp16,-8.3005287512585,4.15026437562925,-5.0,0.6407927734224205,7.882643049361842,0.35916454521181895,0.25015603622156085,0
24,train_023_n1355_k3.33e+04.bin,33321.32964944,1e4-1e5,34330.59785888,1e4-1e5,1e4-1e5,60,6,0,4.535681366622711,4.5227223231036895,2.859020650809023e-06,1.00000658316,0.77,8,fp16_fp32_fp32_fp32,fp16,fp32,fp32,fp32,-6.944502732168184,3.472251366084092,-5.0,0.21646131527549783,4.321928094887363,2.5621224955583672,0.37705154778730043,0
25,train_024_n1362_k1.30e+01.bin,12.95905289826,1e1-1e2,14.69647407032,1e1-1e2,1e1-1e2,10,1,0,1.1672131527427232,1.1125732626387683,0.010985414088598593,1.02561748,0.76,10,fp16_fp16_fp32_fp64,fp16,fp16,fp32,fp64,-7.484066660776465,3.7420333303882325,-5.0,0.6303426844714761,6.22881869049588,1.851017589507956,0.8661952828183692,0
26,train_025_n1487_k6.94e+05.bin,694282.3615309,1e5-1e6,709102.1470574,1e5-1e6,1e5-1e6,80,8,0,5.850708800356585,5.841536132004206,1.2853377587099094e-07,1.00000029596,0.75,13,fp16_fp16_fp16_fp32,fp16,fp16,fp16,fp32,-8.85369370128001,4.426846850640005,-5.0,0.260715643967931,8.228818690495881,0.38230593615301944,0.49671662470156075,0
27,train_026_n1010_k2.42e+02.bin,242.2819632406,1e2-1e3,251.5608133238,1e2-1e3,1e2-1e3,30,3,0,2.400642990180645,2.384321084147219,0.0005435550800775516,1.00125236538,0.74,3,fp32_fp32_fp32_fp64,fp32,fp32,fp32,fp64,-6.43210707192098,0.8061664206341055,-5.0,0.22885697552270123,3.321928094887362,1.6751780858765233,0.990084234821058,0
28,train_027_n1427_k5.10e+04.bin,50967.96831531,1e4-1e5,52162.40682749,1e4-1e5,1e4-1e5,70,7,0,4.7173576219834965,4.707297322091049,4.589304516194486e-06,1.00001056732,0.73,0,fp64_fp64_fp64_fp64,fp64,fp64,fp64,fp64,17.56996238934958,8.78498119467479,20.0,0.06996238934958031,5.0,1.0,1.0,1
29,train_028_n1296_k5.30e+00.bin,5.296930481518,1e0-1e1,6.312843640768,1e0-1e1,1e0-1e1,1,0,1,0.8002250326676663,0.7240242731637943,0.030710432882998708,1.07327356543,0.72,12,fp16_fp16_fp16_fp64,fp16,fp16,fp16,fp64,-8.19230240312853,4.096151201564265,-5.0,0.9221069421194118,8.228818690495881,0.31869052321782665,0.7425115116293369,0
30,train_029_n1484_k2.59e+04.bin,25901.20518867,1e4-1e5,26810.25228723,1e4-1e5,1e4-1e5,60,6,0,4.428300900757827,4.413319972367419,5.087769140258899e-06,1.00001171509,0.71,1,fp32_fp64_fp64_fp64,fp32,fp64,fp64,fp64,20.09691558484687,10.048457792423434,20.0,0.09691558484687057,0.0,1.928212277444021,0.753580610279216,1
31,train_030_n1039_k3.84e+01.bin,38.36221478461,1e1-1e2,41.84738137959,1e1-1e2,1e1-1e2,20,2,0,1.6216682869893604,1.5839036725593187,0.0024811220320108064,1.00572934488,0.7,5,fp16_fp64_fp64_fp64,fp16,fp64,fp64,fp64,19.812777937647354,4.956654597766063,20.0,0.31277793764735273,1.0,2.898112509509269,0.6326709705577644,1
32,train_031_n1209_k3.30e+03.bin,3301.6017695,1e3-1e4,3433.059400789,1e3-1e4,1e3-1e4,50,5,0,3.5356813179062923,3.5187246886304084,3.048092650035584e-05,1.00007018739,0.69,1,fp32_fp64_fp64_fp64,fp32,fp64,fp64,fp64,20.11598851851536,5.030575037351797,20.0,0.11598851851535841,0.0,1.8969189605468824,0.7543950119544325,1
33,train_032_n1288_k7.83e+00.bin,7.833984750627,1e0-1e1,9.310600651234,1e0-1e1,1e0-1e1,1,0,1,0.9689776993596377,0.8939827218295402,0.01925071980536124,1.04532351418,0.6799999999999999,7,fp16_fp32_fp32_fp64,fp16,fp32,fp32,fp64,-6.61643075313965,3.308215376569825,-5.0,0.5445332943040324,4.321928094887363,2.457887335743351,0.8692890414215496,0
34,train_033_n1434_k7.00e+03.bin,6997.049388092,1e3-1e4,7228.026304973,1e3-1e4,1e3-1e4,50,5,0,3.859019724420692,3.8449149393544917,1.8112672761094076e-05,1.00004170684,0.6699999999999999,5,fp16_fp64_fp64_fp64,fp16,fp64,fp64,fp64,18.53945752793754,9.26972876396877,18.870699209077706,0.16875831885983197,1.0,3.1145256793235956,0.6305581845581372,1
35,train_034_n1117_k9.39e+00.bin,9.387561379187,1e0-1e1,10.76208972395,1e1-1e2,1e0-1e1,10,1,0,1.0318966084551273,0.9725527895919928,0.008491898589685843,1.01974573734,0.6599999999999999,5,fp16_fp64_fp64_fp64,fp16,fp64,fp64,fp64,19.9035638410871,4.978006548027112,20.0,0.40356384108709875,1.0,2.9350544339970264,0.632135418130613,1
36,train_035_n1413_k1.58e+03.bin,1580.005433378,1e3-1e4,1670.324021987,1e3-1e4,1e3-1e4,40,4,0,3.2228007270224532,3.1986585804240595,9.655260325612696e-05,1.0002223453,0.65,4,fp32_fp32_fp32_fp32,fp32,fp32,fp32,fp32,-6.446805747171571,3.2234028735857856,-5.0,0.21415830027210944,3.321928094887362,1.7844046957830824,0.5000871335718807,0
37,train_036_n1202_k6.41e+01.bin,64.07670136394,1e1-1e2,69.50012603657,1e1-1e2,1e1-1e2,20,2,0,1.8419855921719446,1.8067001463921573,0.0018312624138272999,1.00422554006,0.64,5,fp16_fp64_fp64_fp64,fp16,fp64,fp64,fp64,19.78853066752296,2.466203663820835,20.0,0.2885306675229579,1.0,2.991113903987459,0.6316309057958821,1
38,train_037_n1488_k2.06e+05.bin,206019.8113005,1e5-1e6,211303.8172617,1e5-1e6,1e5-1e6,70,7,0,5.3249073427727005,5.313908985052584,5.172487628486692e-07,1.00000119101,0.63,0,fp64_fp64_fp64_fp64,fp64,fp64,fp64,fp64,17.56324203317493,4.389130419250071,20.0,0.06324203317493167,5.0,1.0,1.0,1
39,train_038_n1185_k7.12e+00.bin,7.122301539604,1e0-1e1,8.510074182328,1e0-1e1,1e0-1e1,1,0,1,0.9299333458466662,0.8526203566190359,0.020562778920780032,1.04848634532,0.62,10,fp16_fp16_fp32_fp64,fp16,fp16,fp32,fp64,-7.33588989881218,3.66794494940609,-5.0,0.7078415218129899,6.087462841250339,1.6730435366876866,0.8648776944078007,0
40,train_039_n1340_k3.31e+05.bin,330780.4041671,1e5-1e6,337544.3509254,1e5-1e6,1e5-1e6,80,8,0,5.5283308441202585,5.519539773509972,3.650547592477276e-07,1.00000084057,0.61,11,fp16_fp16_fp32_fp32,fp16,fp16,fp32,fp32,-8.567659540027908,4.283829770013954,-5.0,0.2285689786061325,7.592457037268081,1.114090676224201,0.37361403422232453,0
41,train_040_n1201_k7.06e+02.bin,705.8266917525,1e2-1e3,732.0882561617,1e2-1e3,1e2-1e3,40,4,0,2.8645634401479554,2.848698077744035,0.0001770589512765473,1.00040777642,0.6,7,fp16_fp32_fp32_fp64,fp16,fp32,fp32,fp64,-6.883526781980541,3.4417633909902703,-5.0,0.2774372654631411,4.321928094887363,2.3246240557217632,0.8688747637927257,0
42,train_041_n1263_k1.83e+05.bin,183402.1479875,1e5-1e6,187975.8419181,1e5-1e6,1e5-1e6,70,7,0,5.274102038647639,5.263404417777053,5.836436190867533e-07,1.00000134389,0.5900000000000001,14,fp16_fp16_fp16_fp16,fp16,fp16,fp16,fp16,-7.6796623617278215,3.8398311808639107,-5.0,0.33152154478640533,6.022367813028454,1.027482718071287,0.2501459577672414,0
43,train_042_n1468_k1.16e+02.bin,115.9442752865,1e2-1e3,126.6144649231,1e2-1e3,1e2-1e3,20,2,0,2.1024833239864535,2.064249310344765,0.0012322344452616145,1.00284135368,0.5800000000000001,5,fp16_fp64_fp64_fp64,fp16,fp64,fp64,fp64,19.7643044021092,1.220988699203538,20.0,0.26430440210919903,1.0,3.129881056076858,0.6304294539128653,1
44,train_043_n1451_k4.77e+04.bin,47747.20041894,1e4-1e5,49227.99853556,1e4-1e5,1e4-1e5,60,6,0,4.692212179005909,4.678947912500921,3.0211243117249462e-06,1.00000695642,0.5700000000000001,10,fp16_fp16_fp32_fp64,fp16,fp16,fp32,fp64,-8.074686034003406,4.037343017001703,-5.0,0.23999227603639917,6.6293566200796095,1.6619384430194248,0.8667361897711646,0
45,train_044_n1084_k3.21e+02.bin,321.394300582,1e2-1e3,336.837513605,1e2-1e3,1e2-1e3,30,3,0,2.5274204529119246,2.5070381709720224,0.00041052801870275507,1.00094572261,0.56,12,fp16_fp16_fp16_fp64,fp16,fp16,fp16,fp64,-8.336756074497583,4.168378037248791,-5.0,0.47059884756002135,7.614709844115208,0.39623511095438585,0.7410444317995989,0
46,train_045_n1124_k3.72e+03.bin,3717.06671101,1e3-1e4,3871.406943278,1e3-1e4,1e3-1e4,50,5,0,3.58786882462071,3.5702003555438124,2.5723351565528223e-05,1.00005923196,0.55,1,fp32_fp64_fp64_fp64,fp32,fp64,fp64,fp64,20.11466913650593,2.5146278276711858,20.0,0.11466913650593138,0.0,1.8908454316714114,0.7547273255335374,1
47,train_046_n1238_k1.71e+02.bin,171.3328272684,1e2-1e3,183.1447992272,1e2-1e3,1e2-1e3,30,3,0,2.2627945904917013,2.233840581504022,0.00046270627787893895,1.00106598834,0.54,0,fp64_fp64_fp64_fp64,fp64,fp64,fp64,fp64,17.62259429421811,4.409973064402754,20.0,0.12259429421811081,5.0,1.0,1.0,1
48,train_047_n1355_k7.64e+04.bin,76389.75641126,1e4-1e5,78118.03474472,1e4-1e5,1e4-1e5,70,7,0,4.892751308985255,4.883035125168218,1.4037721281323658e-06,1.00000323231,0.53,0,fp64_fp64_fp64_fp64,fp64,fp64,fp64,fp64,17.56788000698249,2.1968841965288153,20.0,0.06788000698249065,5.0,1.0,1.0,1
49,train_048_n1290_k3.27e+01.bin,32.69901493731,1e1-1e2,35.75157946568,1e1-1e2,1e1-1e2,10,1,0,1.5532952332161658,1.514534669671466,0.0031588402326753256,1.00730001457,0.52,1,fp32_fp64_fp64_fp64,fp32,fp64,fp64,fp64,20.20604235251678,10.10302117625839,20.0,0.20604235251677996,0.0,1.8995902486988583,0.7541190707323235,1
50,train_049_n1307_k4.35e+04.bin,43493.57240135,1e4-1e5,44675.08932939,1e4-1e5,1e4-1e5,60,6,0,4.650065429565424,4.638425080474614,1.934008909395011e-06,1.00000445323,0.51,9,fp16_fp16_fp64_fp64,fp16,fp16,fp64,fp64,-8.057827940811693,4.0289139704058465,-5.0,0.21946648502712562,6.554588851677638,0.7738722718110657,0.6204541321987442,0
51,train_000_n1496_k5.89e+02.bin,589.1606355259,1e2-1e3,629.2204579767,1e2-1e3,1e2-1e3,30,3,0,2.7988028344883658,2.77023372197067,0.0001270007519192098,1.0002924728,0.5,1,fp32_fp64_fp64_fp64,fp32,fp64,fp64,fp64,20.13848756554184,2.5130646771033547,20.0,0.13848756554184105,0.0,1.89673259783245,0.7535518887392738,1
52,train_001_n1166_k8.83e+05.bin,883352.8584935,1e5-1e6,897225.4101849,1e5-1e6,1e5-1e6,90,9,0,5.952901564673321,5.946134218736696,1.046910151724176e-07,1.00000024106,0.49,10,fp16_fp16_fp32_fp64,fp16,fp16,fp32,fp64,-8.680966504307147,4.3404832521535734,-5.0,0.196477246774588,7.754887502163468,0.8863237653039143,0.8647124473343956,0
53,train_002_n1463_k1.20e+00.bin,1.20373378229,1e0-1e1,2.292252280229,1e0-1e1,1e0-1e1,9,0,9,0.3602624134183653,0.0805304489928956,0.15244326890142054,1.42050664254,0.48,0,fp64_fp64_fp64_fp64,fp64,fp64,fp64,fp64,17.7940609077,8.89703045385,20.0,0.2940609077000021,5.0,1.0,1.0,1
54,train_003_n1168_k6.42e+04.bin,64242.18438621,1e4-1e5,66040.3591403,1e4-1e5,1e4-1e5,70,7,0,4.819809426374923,4.807820299561233,2.280409193227136e-06,1.00000525085,0.47,0,fp64_fp64_fp64_fp64,fp64,fp64,fp64,fp64,17.568730772899062,1.0988674812226922,20.0,0.06873077289906283,5.0,1.0,1.0,1
55,train_004_n1051_k5.34e+02.bin,533.8090573921,1e2-1e3,555.4169557965,1e2-1e3,1e2-1e3,30,3,0,2.744619133780198,2.7273859383949843,0.00023123898713578605,1.00053258922,0.45999999999999996,1,fp32_fp64_fp64_fp64,fp32,fp64,fp64,fp64,20.14049144591927,1.257534278740394,20.0,0.1404914459192686,0.0,1.883378148077409,0.7550556047222824,1
56,train_005_n1456_k2.26e+05.bin,226476.994003,1e5-1e6,230669.9427856,1e5-1e6,1e5-1e6,80,8,0,5.36299100790301,5.3550240920662775,6.076209846030389e-07,1.0000013991,0.44999999999999996,2,fp32_fp32_fp64_fp64,fp32,fp32,fp64,fp64,20.10249486636606,10.05124743318303,20.0,0.10249486636606281,0.0,1.9113086708576739,0.7472811144304877,1
57,train_006_n1467_k7.95e+01.bin,79.52408458349,1e1-1e2,86.14487064651,1e1-1e2,1e1-1e2,20,2,0,1.9352294232090503,1.9004986785637188,0.0015948296762970367,1.00367898194,0.43999999999999995,8,fp16_fp32_fp32_fp32,fp16,fp32,fp32,fp32,-6.752729903941818,3.376364951970909,-5.0,0.40823414350186416,4.321928094887363,2.60127914336863,0.37689502503231,0
58,train_007_n1109_k1.03e+04.bin,10291.97878604,1e4-1e5,10541.82785599,1e4-1e5,1e4-1e5,50,5,0,4.022915920074343,4.012498882365819,1.1752957099482937e-05,1.00002706255,0.43000000000000005,1,fp32_fp64_fp64_fp64,fp32,fp64,fp64,fp64,20.104737360706995,1.2523480259361222,20.0,0.104737360706996,0.0,1.8893456467323302,0.7547912543321911,1
59,train_008_n1345_k2.65e+02.bin,265.0284519255,1e2-1e3,274.7512012859,1e2-1e3,1e2-1e3,30,3,0,2.4389395999515684,2.423292499789481,0.0004175280668984682,1.00096185619,0.42000000000000004,1,fp32_fp64_fp64_fp64,fp32,fp64,fp64,fp64,20.152979411598025,0.6350111222095727,20.0,0.1529794115980252,0.0,1.9054403436567513,0.7539506425553416,1
60,train_009_n1362_k9.76e+03.bin,9759.800763568,1e3-1e4,10070.53705785,1e4-1e5,1e3-1e4,50,5,0,4.003052631928124,3.9894409520758938,1.63846619348528e-05,1.00003772779,0.41000000000000003,1,fp32_fp64_fp64_fp64,fp32,fp64,fp64,fp64,20.10515319250579,0.6263819288674597,20.0,0.10515319250579036,0.0,1.9208327965676544,0.7539013341547925,1
61,train_010_n1041_k1.75e+02.bin,174.5623880705,1e2-1e3,181.8952145308,1e2-1e3,1e2-1e3,30,3,0,2.2598212733889063,2.241950674575307,0.0010370650017088874,1.00239078379,0.4,1,fp32_fp64_fp64_fp64,fp32,fp64,fp64,fp64,20.1613852148326,0.321708462722075,20.0,0.16138521483259718,0.0,1.883909092658773,0.75510415769788,1
62,train_011_n1331_k1.45e+05.bin,144916.2534506,1e5-1e6,148062.0389019,1e5-1e6,1e5-1e6,70,7,0,5.170443725579395,5.161117097603989,8.527450638836948e-07,1.00000196352,0.39,2,fp32_fp32_fp64_fp64,fp32,fp32,fp64,fp64,20.105693195181395,10.052846597590698,20.0,0.10569319518139518,0.0,1.8669487546043224,0.7470243662236457,1
63,train_012_n1167_k9.62e+02.bin,961.825734238,1e2-1e3,998.995347946,1e2-1e3,1e2-1e3,40,4,0,2.999563465837508,2.9830963927087226,0.00012566588018151495,1.00028939825,0.38,0,fp64_fp64_fp64_fp64,fp64,fp64,fp64,fp64,17.600010914545205,4.4000027286363,20.0,0.10001091454520528,5.0,1.0,1.0,1
64,train_013_n1453_k1.60e+04.bin,16030.27198957,1e4-1e5,16517.32508544,1e4-1e5,1e4-1e5,60,6,0,4.21793971642902,4.204940891198016,1.1447130751100213e-05,1.00002635834,0.37,0,fp64_fp64_fp64_fp64,fp64,fp64,fp64,fp64,17.576658608902775,8.788329304451388,20.0,0.07665860890277712,5.0,1.0,1.0,1
65,train_014_n1193_k5.15e+01.bin,51.49248012733,1e1-1e2,55.34118327471,1e1-1e2,1e1-1e2,20,2,0,1.7430484407496971,1.7117438100574562,0.0028730920897286766,1.00663747003,0.36,5,fp16_fp64_fp64_fp64,fp16,fp64,fp64,fp64,19.79893748423046,0.6278108906623956,20.0,0.29893748423045985,1.0,2.846617555948668,0.6316809232710535,1
66,train_015_n1120_k8.22e+04.bin,82158.18913225,1e4-1e5,83457.20541588,1e4-1e5,1e4-1e5,70,7,0,4.92146383816646,4.914650858309057,1.4145425962633488e-06,1.00000325711,0.35,2,fp32_fp32_fp64_fp64,fp32,fp32,fp64,fp64,20.110137278697866,5.0286453405535845,20.0,0.1101372786978666,0.0,1.8764446477389407,0.7464601752609167,1
67,train_016_n1164_k2.41e+02.bin,241.4192174201,1e2-1e3,254.5302793782,1e2-1e3,1e2-1e3,30,3,0,2.405739454195972,2.38277183778833,0.0008322495749394081,1.00191816279,0.33999999999999997,1,fp32_fp64_fp64_fp64,fp32,fp64,fp64,fp64,20.154470699710625,0.15739697380004714,20.0,0.15447069971062655,0.0,1.8937822091276413,0.7545648998330551,1
68,train_017_n1362_k5.99e+03.bin,5994.903611494,1e3-1e4,6261.789252675,1e3-1e4,1e3-1e4,50,5,0,3.7966984468739153,3.777782204727144,2.003352500915359e-05,1.00004612996,0.32999999999999996,1,fp32_fp64_fp64_fp64,fp32,fp64,fp64,fp64,20.10967688762353,0.3154528119925999,20.0,0.10967688762352748,0.0,1.9024569646862388,0.7539013341547925,1
69,train_018_n1245_k9.97e+00.bin,9.971208959897,1e0-1e1,11.89641528079,1e1-1e2,1e0-1e1,10,1,0,1.0754161161567688,0.9987478175675523,0.01280894504923501,1.02993293238,0.31999999999999995,6,fp16_fp32_fp64_fp64,fp16,fp32,fp64,fp64,19.632559944235954,9.816279972117977,19.676705839048754,0.45585410518720065,1.0,2.8095722301319634,0.623951593150369,1
70,train_019_n1231_k3.26e+05.bin,326255.828043,1e5-1e6,336608.4486891,1e5-1e6,1e5-1e6,80,8,0,5.527125012332043,5.5135582783978565,5.436364634012474e-07,1.00000125177,0.31000000000000005,0,fp64_fp64_fp64_fp64,fp64,fp64,fp64,fp64,17.561282723901297,2.1949627412205928,20.0,0.06128272390129787,5.0,1.0,1.0,1
71,train_020_n1047_k4.18e+01.bin,41.82124859976,1e1-1e2,43.93729393617,1e1-1e2,1e1-1e2,20,2,0,1.6428333055481006,1.6213969948109461,0.002651961554854314,1.00612504901,0.30000000000000004,5,fp16_fp64_fp64_fp64,fp16,fp64,fp64,fp64,19.810273068785147,0.3195732376085445,20.0,0.3102730687851458,1.0,2.9228194564339476,0.6326123720337262,1
72,train_021_n1222_k3.40e+04.bin,33986.29833018,1e4-1e5,34864.47235914,1e4-1e5,1e4-1e5,60,6,0,4.542383096953875,4.531303865309114,2.7363202212332745e-06,1.00000630063,0.29000000000000004,8,fp16_fp32_fp32_fp32,fp16,fp32,fp32,fp32,-6.944764472530899,1.736256553223403,-5.0,0.21619957491278227,4.321928094887363,2.4956169341613266,0.3772746430008492,0
73,train_022_n1180_k1.64e+02.bin,163.9153201881,1e2-1e3,176.1891571872,1e2-1e3,1e2-1e3,30,3,0,2.2459791780904372,2.214619546384493,0.0008268893510448027,1.00190579682,0.28,1,fp32_fp64_fp64_fp64,fp32,fp64,fp64,fp64,20.162073423043715,0.08249984856657022,20.0,0.1620734230437142,0.0,1.885450914599202,0.75450301141092,1
74,train_023_n1355_k3.33e+04.bin,33321.32964944,1e4-1e5,34330.59785888,1e4-1e5,1e4-1e5,60,6,0,4.535681366622711,4.5227223231036895,2.859020650809023e-06,1.00000658316,0.27,11,fp16_fp16_fp32_fp32,fp16,fp16,fp32,fp32,-8.219084361595565,4.109542180797782,-5.0,0.26955560015439356,6.977279923499917,1.4433457146636708,0.3736294813054582,0
75,train_024_n1362_k1.30e+01.bin,12.95905289826,1e1-1e2,14.69647407032,1e1-1e2,1e1-1e2,10,1,0,1.1672131527427232,1.1125732626387683,0.010985414088598593,1.02561748,0.26,14,fp16_fp16_fp16_fp16,fp16,fp16,fp16,fp16,-7.879982124064773,3.9399910620323864,-5.0,0.9597579256879508,7.679480099505446,0.4863559262702519,0.2501355168864786,0
76,train_025_n1487_k6.94e+05.bin,694282.3615309,1e5-1e6,709102.1470574,1e5-1e6,1e5-1e6,80,8,0,5.850708800356585,5.841536132004206,1.2853377587099094e-07,1.00000029596,0.25,0,fp64_fp64_fp64_fp64,fp64,fp64,fp64,fp64,17.558388118902265,1.0960340681107787,20.0,0.05838811890226303,5.0,1.0,1.0,1
77,train_026_n1010_k2.42e+02.bin,242.2819632406,1e2-1e3,251.5608133238,1e2-1e3,1e2-1e3,30,3,0,2.400642990180645,2.384321084147219,0.0005435550800775516,1.00125236538,0.24,1,fp32_fp64_fp64_fp64,fp32,fp64,fp64,fp64,20.154702201330988,0.03756431342691968,20.0,0.154702201330988,0.0,1.896255196239106,0.7552607776666163,1
78,train_027_n1427_k5.10e+04.bin,50967.96831531,1e4-1e5,52162.40682749,1e4-1e5,1e4-1e5,70,7,0,4.7173576219834965,4.707297322091049,4.589304516194486e-06,1.00001056732,0.22999999999999998,0,fp64_fp64_fp64_fp64,fp64,fp64,fp64,fp64,17.56996238934958,0.5500495488366042,20.0,0.06996238934958031,5.0,1.0,1.0,1
79,train_028_n1296_k5.30e+00.bin,5.296930481518,1e0-1e1,6.312843640768,1e0-1e1,1e0-1e1,1,0,1,0.8002250326676663,0.7240242731637943,0.030710432882998708,1.07327356543,0.21999999999999997,6,fp16_fp32_fp64_fp64,fp16,fp32,fp64,fp64,19.562980096581718,9.781490048290859,19.53744193365562,0.5255381629260975,1.0,2.8872299839757667,0.6239935559471335,1
80,train_029_n1484_k2.59e+04.bin,25901.20518867,1e4-1e5,26810.25228723,1e4-1e5,1e4-1e5,60,6,0,4.428300900757827,4.413319972367419,5.087769140258899e-06,1.00001171509,0.20999999999999996,0,fp64_fp64_fp64_fp64,fp64,fp64,fp64,fp64,17.573687882693488,4.39267928912105,20.0,0.07368788269348837,5.0,1.0,1.0,1
81,train_030_n1039_k3.84e+01.bin,38.36221478461,1e1-1e2,41.84738137959,1e1-1e2,1e1-1e2,20,2,0,1.6216682869893604,1.5839036725593187,0.0024811220320108064,1.00572934488,0.19999999999999996,5,fp16_fp64_fp64_fp64,fp16,fp64,fp64,fp64,19.812777937647354,0.16103905323537404,20.0,0.31277793764735273,1.0,2.898112509509269,0.6326709705577644,1
82,train_031_n1209_k3.30e+03.bin,3301.6017695,1e3-1e4,3433.059400789,1e3-1e4,1e3-1e4,50,5,0,3.5356813179062923,3.5187246886304084,3.048092650035584e-05,1.00007018739,0.18999999999999995,1,fp32_fp64_fp64_fp64,fp32,fp64,fp64,fp64,20.11598851851536,0.16088222144221476,20.0,0.11598851851535841,0.0,1.8969189605468824,0.7543950119544325,1
83,train_032_n1288_k7.83e+00.bin,7.833984750627,1e0-1e1,9.310600651234,1e0-1e1,1e0-1e1,1,0,1,0.9689776993596377,0.8939827218295402,0.01925071980536124,1.04532351418,0.18000000000000005,6,fp16_fp32_fp64_fp64,fp16,fp32,fp64,fp64,19.907040948225212,5.062775449967177,19.92654441602506,0.4804965322001519,1.0,2.8511246745462113,0.6239871969001274,1
84,train_033_n1434_k7.00e+03.bin,6997.049388092,1e3-1e4,7228.026304973,1e3-1e4,1e3-1e4,50,5,0,3.859019724420692,3.8449149393544917,1.8112672761094076e-05,1.00004170684,0.17000000000000004,1,fp32_fp64_fp64_fp64,fp32,fp64,fp64,fp64,20.10827018336182,0.07658194314434041,20.0,0.1082701833618222,0.0,1.908339654103219,0.7537054563720914,1
85,train_034_n1117_k9.39e+00.bin,9.387561379187,1e0-1e1,10.76208972395,1e1-1e2,1e0-1e1,10,1,0,1.0318966084551273,0.9725527895919928,0.008491898589685843,1.01974573734,0.16000000000000003,5,fp16_fp64_fp64_fp64,fp16,fp64,fp64,fp64,19.9035638410871,2.489003274013559,20.0,0.40356384108709875,1.0,2.9350544339970264,0.632135418130613,1
86,train_035_n1413_k1.58e+03.bin,1580.005433378,1e3-1e4,1670.324021987,1e3-1e4,1e3-1e4,40,4,0,3.2228007270224532,3.1986585804240595,9.655260325612696e-05,1.0002223453,0.15000000000000002,0,fp64_fp64_fp64_fp64,fp64,fp64,fp64,fp64,17.594723863581894,2.1973578388364956,20.0,0.09472386358189455,5.0,1.0,1.0,1
87,train_036_n1202_k6.41e+01.bin,64.07670136394,1e1-1e2,69.50012603657,1e1-1e2,1e1-1e2,20,2,0,1.8419855921719446,1.8067001463921573,0.0018312624138272999,1.00422554006,0.14,5,fp16_fp64_fp64_fp64,fp16,fp64,fp64,fp64,19.78853066752296,0.06839589155548964,20.0,0.2885306675229579,1.0,2.991113903987459,0.6316309057958821,1
88,train_037_n1488_k2.06e+05.bin,206019.8113005,1e5-1e6,211303.8172617,1e5-1e6,1e5-1e6,70,7,0,5.3249073427727005,5.313908985052584,5.172487628486692e-07,1.00000119101,0.13,0,fp64_fp64_fp64_fp64,fp64,fp64,fp64,fp64,17.56324203317493,0.2716645963309787,20.0,0.06324203317493167,5.0,1.0,1.0,1
89,train_038_n1185_k7.12e+00.bin,7.122301539604,1e0-1e1,8.510074182328,1e0-1e1,1e0-1e1,1,0,1,0.9299333458466662,0.8526203566190359,0.020562778920780032,1.04848634532,0.12,6,fp16_fp32_fp64_fp64,fp16,fp32,fp64,fp64,19.75377881122435,2.454756656483159,19.763561385551192,0.49021742567315907,1.0,2.830808337338164,0.6238975187451318,1
90,train_039_n1340_k3.31e+05.bin,330780.4041671,1e5-1e6,337544.3509254,1e5-1e6,1e5-1e6,80,8,0,5.5283308441202585,5.519539773509972,3.650547592477276e-07,1.00000084057,0.10999999999999999,0,fp64_fp64_fp64_fp64,fp64,fp64,fp64,fp64,17.561271404521456,0.5494586768649867,20.0,0.061271404521457434,5.0,1.0,1.0,1
91,train_040_n1201_k7.06e+02.bin,705.8266917525,1e2-1e3,732.0882561617,1e2-1e3,1e2-1e3,40,4,0,2.8645634401479554,2.848698077744035,0.0001770589512765473,1.00040777642,0.1,0,fp64_fp64_fp64_fp64,fp64,fp64,fp64,fp64,17.60350457592299,1.1030692755887976,20.0,0.10350457592298859,5.0,1.0,1.0,1
92,train_041_n1263_k1.83e+05.bin,183402.1479875,1e5-1e6,187975.8419181,1e5-1e6,1e5-1e6,70,7,0,5.274102038647639,5.263404417777053,5.836436190867533e-07,1.00000134389,0.1,0,fp64_fp64_fp64_fp64,fp64,fp64,fp64,fp64,17.563754143228156,0.13608835319210044,20.0,0.06375414322815487,5.0,1.0,1.0,1
93,train_042_n1468_k1.16e+02.bin,115.9442752865,1e2-1e3,126.6144649231,1e2-1e3,1e2-1e3,20,2,0,2.1024833239864535,2.064249310344765,0.0012322344452616145,1.00284135368,0.1,5,fp16_fp64_fp64_fp64,fp16,fp64,fp64,fp64,19.7643044021092,0.022084813070865295,20.0,0.26430440210919903,1.0,3.129881056076858,0.6304294539128653,1
94,train_043_n1451_k4.77e+04.bin,47747.20041894,1e4-1e5,49227.99853556,1e4-1e5,1e4-1e5,60,6,0,4.692212179005909,4.678947912500921,3.0211243117249462e-06,1.00000695642,0.1,0,fp64_fp64_fp64_fp64,fp64,fp64,fp64,fp64,17.570271449380485,2.1946314279040227,20.0,0.07027144938048606,5.0,1.0,1.0,1
95,train_044_n1084_k3.21e+02.bin,321.394300582,1e2-1e3,336.837513605,1e2-1e3,1e2-1e3,30,3,0,2.5274204529119246,2.5070381709720224,0.00041052801870275507,1.00094572261,0.1,1,fp32_fp64_fp64_fp64,fp32,fp64,fp64,fp64,20.149142117744272,0.016002114920105726,20.0,0.14914211774427075,0.0,1.9054528830772826,0.7549017317505398,1
96,train_045_n1124_k3.72e+03.bin,3717.06671101,1e3-1e4,3871.406943278,1e3-1e4,1e3-1e4,50,5,0,3.58786882462071,3.5702003555438124,2.5723351565528223e-05,1.00005923196,0.1,5,fp16_fp64_fp64_fp64,fp16,fp64,fp64,fp64,19.490998257462845,5.110634746747037,19.812266033123848,0.1787322243389972,1.0,2.9433392329972974,0.6320909883003061,1
97,train_046_n1238_k1.71e+02.bin,171.3328272684,1e2-1e3,183.1447992272,1e2-1e3,1e2-1e3,30,3,0,2.2627945904917013,2.233840581504022,0.00046270627787893895,1.00106598834,0.1,1,fp32_fp64_fp64_fp64,fp32,fp64,fp64,fp64,20.161238147830343,0.014049072503084403,20.0,0.1612381478303414,0.0,1.8973477440383764,0.7542920701429028,1
98,train_047_n1355_k7.64e+04.bin,76389.75641126,1e4-1e5,78118.03474472,1e4-1e5,1e4-1e5,70,7,0,4.892751308985255,4.883035125168218,1.4037721281323658e-06,1.00000323231,0.1,0,fp64_fp64_fp64_fp64,fp64,fp64,fp64,fp64,17.56788000698249,0.07010710847321988,20.0,0.06788000698249065,5.0,1.0,1.0,1
99,train_048_n1290_k3.27e+01.bin,32.69901493731,1e1-1e2,35.75157946568,1e1-1e2,1e1-1e2,10,1,0,1.5532952332161658,1.514534669671466,0.0031588402326753256,1.00730001457,0.1,5,fp16_fp64_fp64_fp64,fp16,fp64,fp64,fp64,19.821153617228635,1.2032965250775476,20.0,0.32115361722863395,1.0,3.0329002046249784,0.6311786060984853,1
100,train_049_n1307_k4.35e+04.bin,43493.57240135,1e4-1e5,44675.08932939,1e4-1e5,1e4-1e5,60,6,0,4.650065429565424,4.638425080474614,1.934008909395011e-06,1.00000445323,0.1,0,fp64_fp64_fp64_fp64,fp64,fp64,fp64,fp64,17.57079564033133,1.0975778094274347,20.0,0.07079564033133083,5.0,1.0,1.0,1
